"Ance",1339
"Phk-3",6774
"CG17278",2579
"Idgf4",3753
"ImpE2",8205
"ImpL2",8252
"Cpr49Ac",4233
"CG15282",1365
"lncRNA:CR33938",5282
"Spn43Aa",4659
"Gasp",632
"E(spl)m6-BFM",5213
"CG13023",9021
"Cpr12A",8448
"Cpr64Aa",8254
"vvl",5854
"Vajk2",5194
"E(spl)m4-BFM",2951
"Cpr51A",4102
"Cpr66D",9493
"hui",4073
"CG13053",9096
"Cpr65Ec",9630
"fj",3497
"CG15212",9718
"Optix",5003
"CG4382",1055
"Cpr78E",572
"Antp",6070
"ana",4458
"Ect3",6086
"Vajk3",1341
"E(spl)malpha-BFM",2937
"bnb",8759
"Cpr49Ah",4235
"Brd",9144
"Ama",1682
"CG1368",8482
"Doc1",9480
"l(2)34Fc",6220
"bi",260
"lncRNA:CR45734",7717
"CG2016",5928
"TwdlE",956
"CG13117",1060
"CG31997",4697
"Drip",4934
"Clect27",9794
"bnl",5110
"Sp1",3751
"magu",6353
"eEF1alpha2",3252
"Wnt6",913
"Argk",9488
"mirr",9248
"wg",7956
"Act57B",5418
"CG9336",1613
"CG17549",1538
"Sod3",5367
"E(spl)m8-HLH",2941
"nw",7934
"mab-21",346
"ac",9
"sc",10
"CG8483",2137
"Fas3",1469
"E(spl)m2-BFM",2952
"CG14598",1651
"E(spl)m7-HLH",2940
"CG9932",6349
"CG13041",9076
"Inos",4728
"ss",2333
"GstD1",5300
"serp",6073
"eyg",5054
"CG15756",8447
"CG15353",9953
"Him",8715
"GstO3",9517
"Thor",6231
"ImpE1",9508
"CG14301",2455
"Msr-110",9708
"verm",6187
"CG17738",2042
"Gld",1674
"dpr1",5046
"salm",6259
"CG42342",5987
"E(spl)m3-HLH",2939
"CG1607",3230
"CG1572",8357
"Doc3",9479
"CG2444",8351
"Act87E",2138
"pio",6740
"Spn100A",3200
"Osi14",627
"CG4115",2044
"lncRNA:CR44334",7243
"Dll",6764
"CG7675",2415
"CG15905",3405
"lncRNA:CR43264",6444
"CG31676",1612
"mamo",7650
"CG9331",1610
"Cpr35B",1360
"CG13044",5458
"Ocho",9145
"kek1",1271
"disco",5359
"CG4914",9181
"Cpr67Fa2",9356
"obst-B",1074
"Cpr67Fa1",9355
"robo2",9971
"lncRNA:roX1",243
"Tom",9143
"obst-A",4977
"Obp56a",3402
"lms",3358
"lncRNA:CR43432",6879
"Hsp23",9440
"E(spl)mgamma-HLH",2936
"salr",1217
"caup",9246
"tey",8885
"unpg",4472
"CG4607",3592
"grn",1736
"Hsp68",2782
"lncRNA:noe",9002
"CG42749",6281
"CG9312",2145
"CG32248",8271
"toe",9278
"CG17919",1699
"SP1029",6512
"CG16820",1296
"heph",3274
"CG9691",4894
"wb",6234
"ptc",4739
"ems",2157
"Act42A",3302
"grh",5971
"sob",9853
"Obp99a",3107
"Cyp310a1",1477
"CG9427",1866
"C15",2594
"CG7201",9555
"CG3168",3579
"trn",9239
"CG8066",2195
"klu",9380
"E5",2164
"CG9628",9170
"hh",5356
"yellow-e3",2128
"ImpL1",9222
"shf",3577
"regucalcin",8369
"CG12481",5466
"E(spl)mbeta-HLH",2953
"GV1",8074
"CG11835",400
"twz",3863
"CG9782",4992
"lncRNA:roX2",8344
"sog",8545
"Cda4",9779
"CG10939",3548
"Hsp70Bc",2076
"Mlc2",4796
"SPARC",2981
"CG4374",2702
"Obp83g",631
"Idgf6",3959
"al",381
"CG14566",566
"CG14257",2984
"wbl",3410
"CG9689",4893
"St2",1810
"Poxn",4023
"GILT1",2129
"sr",2398
"CG5397",9967
"ImpE3",1739
"CG13003",8641
"nkd",8915
"CG11899",3076
"CG15529",3157
"CG2816",9843
"beat-IIb",2361
"CG11905",9020
"Tsp",869
"Nrt",9030
"CG31324",5247
"Lsd-2",8506
"CG6398",8683
"lncRNA:CR44811",7377
"en",5143
"CG32444",554
"Sb",2302
"Hsp67Bc",9466
"CG13300",9661
"stg",3081
"Inx3",7223
"Npc2a",9935
"fabp",5218
"CG15611",3925
"CG4250",6562
"disco-r",7981
"Prip",4319
"dpr17",2034
"CG9372",8880
"mt:lrRNA",5520
"CG17124",1167
"mfas",6085
"Doc2",5119
"CG5390",1147
"nub",5750
"CG14132",9333
"CG34247",5712
"TwdlT",2983
"GlcAT-P",5169
"Hexo2",3694
"mid",6308
"svp",2041
"CG6231",2495
"LamC",4101
"ft",9824
"HmgZ",3853
"Tsp5D",344
"Hsp26",9465
"ara",9245
"CG31075",2976
"frm",9710
"Arc1",4120
"CG14642",4782
"CG9593",2272
"CG11275",3889
"Col4a1",760
"CG12164",4633
"tpr",3878
"CG4766",347
"CG15784",292
"CG42675",6232
"cv-2",3824
"CG3505",2189
"sens-2",10072
"CG7924",9189
"E(spl)m5-HLH",5322
"Pvf3",5857
"Lac",4240
"GstS1",5142
"Karl",8361
"bond",6128
"Cys",2194
"Cyp18a1",8731
"Sfp78E",6151
"Aldh7A1",8901
"CG10311",2336
"Taf12L",5391
"E(spl)mdelta-HLH",2935
"CG9008",5358
"CG33494",4767
"CG5966",335
"Hsp83",8165
"beat-IIIc",1446
"fat-spondin",3922
"lncRNA:CR44955",7430
"CG13639",7221
"GNBP3",9471
"CG17032",9108
"CG1698",4428
"Arpc3B",8660
"l(2)k05911",7960
"CG31777",9847
"CG42807",6317
"AdamTS-B",303
"CG32373",9589
"CG10359",8204
"Vdup1",6825
"CG34417",5764
"nemy",6262
"Oat",8886
"Tig",856
"CG4927",5473
"Ldh",9662
"B-H1",8668
"odd",9852
"Gfat1",5635
"CG8501",4232
"Gal",839
"CG10527",3798
"drl",1531
"yellow-f",2115
"Dr",3104
"CG6426",3940
"Sr-CI",9820
"eater",5905
"CG14629",51
"Wnt2",4443
"Con",8292
"rho",8034
"dpp",9926
"CG33978",5405
"NtR",3886
"CG6770",1238
"CG17760",4209
"CG12880",4905
"CG4259",11224
"Gs1",415
"CG44325",7240
"CG7841",9139
"He",1355
"Jabba",5994
"CG7294",1174
"CG3961",8938
"Had2",4095
"lectin-28C",5398
"CG33993",5462
"lncRNA:CR43314",6465
"Pxn",8138
"ringer",7482
"Timp",1924
"lft",1108
"CG13060",9059
"ltl",7906
"CG12643",3774
"Tdc1",6034
"CG34331",5731
"nAChRbeta3",5411
"ab",7028
"Sox15",4127
"CG43124",6386
"Nplp2",9221
"Cht5",2146
"NimB1",1349
"PCNA",3388
"Mec2",11162
"Glt",1017
"SPH93",1461
"CG13059",5326
"Notum",9077
"CG13737",9196
"CG6055",920
"Spn77Ba",6328
"kni",495
"H2.0",838
"vir-1",5349
"TwdlM",2963
"CG1092",10062
"CG31337",2139
"CG7860",8532
"CG5758",5166
"Tsf1",8718
"Npc2g",3211
"Hr4",7067
"CG5160",924
"Ance-5",10372
"CG4950",9095
"chrb",5133
"lectin-24Db",10022
"GstE11",3475
"NimB4",10089
"CG13678",9547
"Pcp",901
"Rtnl1",773
"Def",4414
"Ten-a",7636
"CG8157",10212
"side",3009
"pck",5394
"CG31121",2834
"CG9812",6614
"CG8927",5345
"lncRNA:CR44269",7219
"Bacc",9906
"CG6910",9291
"h",5127
"Men",2087
"Chd64",8260
"CG32368",9573
"CG16798",1593
"spz5",8155
"CG15628",9785
"Cpr72Ea",9061
"CG7470",11266
"SteXh:CG42398",6017
"CG32447",570
"CG43125",12168
"Ugt37D1",10094
"CG32407",12735
"dpn",4556
"CG13064",4730
"CG3355",5383
"Prosap",4136
"sca",4217
"CG30197",4092
"CG8630",2120
"Pburs",7112
"vari",5912
"Act5C",5101
"vg",4188
"NijA",4759
"ELOVL",1743
"lncRNA:CR43334",6473
"Idgf3",1412
"kune",3306
"Ubx",2341
"CG33458",3953
"Slc45-1",11201
"qsm",3375
"yellow-e",2126
"Hs6st",2514
"CG1124",712
"tup",1492
"MP1",731
"GstD3",2046
"IP3K2",7949
"CG9733",3187
"Tsp42Ea",3345
"alpha-Man-Ia",5957
"CG9747",3160
"CG14830",9618
"so",4635
"inv",5156
"nompA",4731
"srp",5210
"CG10005",2022
"CG34437",5771
"CG13056",9060
"ect",10021
"CG14984",4859
"wun2",4440
"sinu",5056
"CG13082",1552
"CG31869",1197
"Mp",6078
"Kal1",2758
"fz2",8908
"Ald1",2957
"scaf",3310
"Gapdh2",8569
"pasi1",2389
"twi",5310
"Tsp68C",9194
"Fas2",255
"opa",5365
"lncRNA:alphagamma-element:CR32865",2094
"yellow-e2",2127
"Hsp67Ba",9464
"Nep2",727
"Sirup",5382
"CG15414",9856
"tsl",2611
"Aldh",1041
"CG43051",6354
"CG4928",8638
"bowl",9826
"CG13028",9008
"hth",5258
"Idgf1",1410
"CG11029",802
"Irc",2350
"CG4408",2705
"sano",3428
"lncRNA:CR32111",9247
"drm",9841
"tok",2818
"dnk",2458
"ct",3614
"emc",5051
"tfc",6874
"smal",5743
"CG7512",9323
"CG33459",10877
"firl",5470
"Inx2",3590
"Dtg",2081
"CG15546",3208
"CG4793",12727
"lncRNA:CR44133",12734
"CG13272",5849
"PGRP-SA",8339
"kn",4084
"CG5854",2729
"knk",1909
"CG43394",6519
"CG13937",8109
"sty",8209
"MFS3",9977
"nab",6040
"CG3902",8937
"CG30046",4228
"CG42747",6279
"nord",6722
"CG14545",2925
"CG13045",9091
"CD98hc",1744
"CG42694",10338
"NT5E-2",3557
"CG9338",1614
"Pen",7841
"cv-c",7998
"Traf4",9797
"Ugt302K1",1978
"cib",246
"Wnt4",4721
"cold",394
"RnrS",4289
"CG10126",2098
"CG18507",1326
"Dl",2481
"CG7781",973
"CG5151",9099
"babos",6554
"CG17672",5563
"Had1",8021
"crim",9334
"Egfr",3843
"hoip",1050
"CG2310",3099
"CG11529",9293
"jtb",3975
"CG15554",3213
"Cpr64Ac",8253
"CCKLR-17D3",8762
"CG33939",5283
"CG33460",5415
"elB",1361
"GILT3",2707
"CG4267",7161
"His2B:CG33868",5262
"CG15213",9728
"CG45095",10452
"NetA",5364
"miple1",6812
"CG42566",6098
"grnd",1472
"Ts",9895
"Lcp65Ag2",9680
"CG32512",9752
"udt",4854
"vsg",9423
"CG14567",567
"knrl",456
"CG14795",95
"chinmo",5872
"ogre",3601
"CG15093",3454
"vn",5055
"CG1943",1685
"CG3649",6567
"Poxm",10109
"Kah",10374
"insb",3909
"Tep1",11281
"CG4842",9063
"MtnA",1892
"CG17121",2685
"Myo10A",6941
"slou",10143
"pasi2",1830
"emp",6772
"CG3036",4914
"fng",485
"blanks",9713
"comm2",9132
"mbl",7255
"noc",1364
"CG13698",8961
"CG14915",1199
"Hmu",3008
"ovo",5337
"CG30154",3357
"yellow-d",6611
"LManI",1133
"lncRNA:CR45412",7625
"mt:ND4",6445
"Spn88Eb",11646
"phyl",4103
"daw",9911
"pyd",6391
"Dlish",3526
"CG11370",596
"Cyt-c-p",7964
"ATPsynepsilonL",1903
"slow",8267
"CG43341",6476
"geko",8956
"CG6739",927
"Cht10",5940
"Hesr",8725
"Lmpt",6236
"stai",7497
"d",6325
"CG15005",8255
"Bili",10150
"Alp1",7929
"CG5921",337
"CG1648",4436
"CG11438",588
"Kank",4067
"CG42673",6229
"NK7.1",2181
"CG6287",1209
"CG11069",2829
"CG7091",2100
"CG9518",8512
"Gdh",4746
"UK114",5861
"bou",6183
"Fkbp39",2251
"dve",3893
"Pde9",5958
"trol",7974
"CG32982",1028
"krimp",3984
"NimB5",1350
"CG14401",1615
"comm",9131
"CG12581",751
"aru",372
"Pcd",3111
"CAH2",11927
"wrapper",6539
"CG6310",9376
"hid",8958
"nmo",9577
"Mes2",615
"Nph",3174
"fok",6954
"stv",5867
"CG13676",9564
"DnaJ-1",6487
"crok",1252
"CG4678",5312
"lovit",7741
"CG6891",8746
"CG31705",1219
"CG34038",5489
"P5cr-2",2373
"CG4570",1936
"CG43236",11786
"sPLA2",5060
"Cpr97Eb",3000
"Cyp12e1",10111
"CG17104",1160
"Eip74EF",5093
"CG4702",2035
"CG43103",6378
"Btk29A",976
"CG9650",3607
"EbpIII",6672
"Pfk",4407
"CG5391",2639
"spz6",6759
"CG17224",9890
"CG31778",9848
"zfh1",5070
"fbp",1576
"CG6044",6541
"vkg",772
"CG3823",354
"NHP2",9176
"CG44102",7146
"NimC1",6026
"sens",9226
"CG16704",9850
"CG3880",6760
"rpr",8951
"Spn27A",873
"mav",5085
"scf",4829
"CG5731",1086
"Ppn",3041
"modSP",2342
"Spn55B",3489
"kay",5293
"GNBP1",8921
"pnr",2290
"neo",3128
"asRNA:CR45185",7762
"rgn",6168
"Oatp74D",8977
"Cpr100A",3204
"DOR",8269
"Gnpnat",3123
"Tet",6882
"MFS14",3452
"bip1",9570
"Gyg",7210
"CG5326",2656
"CG13377",6204
"rtv",6179
"Msp300",6288
"CG11077",4711
"CG34398",5752
"tnc",2849
"Pvf1",8751
"CG11686",2118
"nahoda",6591
"Hsp27",9441
"CG13386",993
"CG17781",2792
"CG13654",2877
"CG33225",3844
"toy",4703
"nAChRalpha7",5874
"spok",5889
"CG3502",6622
"lncRNA:CR43681",6951
"Eip63F-1",8219
"tipE",8234
"CG9150",9998
"CG9875",10364
"CG14958",11139
"AANATL2",11604
"CG42711",11771
"CG43740",11811
"Cyp4g15",11901
"CG7368",11931
"CG13102",1027
"Ccp84Ab",1696
"HP6",9806
"CG15083",3441
"egr",4404
"AOX3",2266
"stumps",2186
"CycB",6578
"Rchy1",854
"sro",6337
"dar1",6514
"CG17928",1425
"Lcp9",6789
"squ",7728
"mey",3233
"mod",3271
"natalisin",5746
"miple2",6813
"awd",3265
"glec",2609
"fz3",33
"nyo",3234
"Cpr64Ad",8235
"CG30069",4846
"NijC",2084
"CG6767",9430
"bun",5962
"lncRNA:Hsromega",2583
"CG14275",970
"kirre",218
"grass",2990
"mthl10",6842
"Edg91",2384
"CG43313",6462
"CG4199",116
"Rbfox1",9397
"Cpr72Eb",9062
"CG31689",9904
"betaTub60D",6725
"CG11147",814
"santa-maria",922
"CG11550",3267
"nvy",6723
"Tsf2",9267
"Qsox2",2605
"CG17211",1251
"CG12288",1442
"CG7296",1175
"CG34056",5494
"CG5687",8107
"GstE3",3465
"CG30456",3924
"CG42268",5952
"sn",3627
"Sox100B",3212
"dup",4050
"edl",3456
"crb",5996
"Myc",6399
"path",9434
"rst",220
"RhoL",1878
"CG31955",9845
"CadN",5201
"Cat",5130
"Nop56",2634
"Gel",755
"Drat",4629
"pdm3",6242
"eya",5456
"CG33169",609
"sqd",6884
"aurB",1193
"Ten-m",591
"Tsp42Ei",4653
"mtd",5190
"fend",3736
"CG31549",663
"Eip55E",3481
"pyr",4302
"Ugt317A1",6586
"mwh",7003
"lncRNA:CR45310",7605
"Socs36E",1466
"aos",9069
"CG5928",5457
"ple",9646
"CG42369",11759
"Jheh2",4834
"Twdlbeta",4296
"mub",6417
"Cht2",8081
"CG10650",1523
"GstZ2",1835
"CG3916",2040
"CG12857",4086
"CG30413",6623
"CG34334",6958
"CG45428",7630
"asRNA:CR45960",7803
"Sgs3",9322
"CG13077",10104
"CG43155",10349
"ham",10697
"CG14516",10778
"CG42857",10965
"snoRNA:Irbp-a",11003
"CG14957",11138
"CG30148",11676
"CG43133",11782
"lncRNA:CR34335",7886
"CG15152",1465
"nesd",1583
"kmr",5745
"HmgD",3872
"dpr16",697
"CG13877",6807
"Gapdh1",5410
"CG8173",8692
"CG8192",4036
"sip2",888
"Claspin",8264
"CG7367",948
"hpRNA:CR32207",4887
"CG3699",55
"CG14636",758
"Nepl4",844
"CG31871",1159
"CG8925",2305
"CG14551",2947
"Spag1",2973
"CG15556",3214
"CG9294",3875
"CG13970",4733
"Rgk2",5747
"CG42269",5953
"HP1Lcsd",6482
"lncRNA:CR45637",7689
"Drs",7920
"CG9184",8044
"CG13720",8277
"gogo",8841
"CG9368",8879
"CG13067",9088
"Pask",10368
"meso18E",8828
"CG6357",4149
"amd",1513
"CG1674",4688
"CG7173",534
"CG7227",952
"CG30090",4013
"tw",5812
"RnrL",1143
"CG14696",1952
"dpy",4942
"Chrac-16",8393
"Gadd45",4665
"CG11267",9233
"CG14207",8788
"ap",7898
"CG40160",5543
"Idgf2",1411
"CG4036",1062
"NLaz",9972
"Ddc",1517
"Fim",8673
"Plp",5860
"Tre1",326
"Pxd",4720
"CG31431",2600
"CG5973",919
"CG45263",7591
"msd1",5389
"pdm2",1266
"Swim",3894
"Tsp42El",4657
"nop5",896
"Nop60B",6031
"ppk",1362
"BthD",8455
"Fili",5739
"lncRNA:CR43626",6929
"rn",7726
"CG2003",3270
"sesB",8305
"CG10098",1661
"CG43658",6942
"scyl",9346
"CG34132",5558
"shep",5225
"CG4666",343
"snRNA:7SK",5277
"hng3",6856
"olf413",4777
"Spn",8141
"net",436
"CG10559",2898
"Reg-5",6786
"ths",5257
"mthl5",2025
"CG41378",5783
"hpRNA:CR33940",5284
"CG43759",6998
"htl",2399
"CG1806",8368
"CG7702",2447
"Alk",3962
"CG14439",3570
"CG8172",4506
"ds",7963
"Mef2",4420
"CG3777",6
"mt:ND1",5518
"bib",1071
"alphaTub84B",1687
"CG8740",4527
"msd5",8043
"CG10863",4860
"lncRNA:CR44933",7427
"CG15528",3166
"SpdS",1854
"FASN3",5684
"lncRNA:CR45267",7595
"IRSp53",9365
"Sans",4190
"Cyp1",8609
"Nap1",6697
"CG34325",5729
"Atf3",80
"ced-6",4453
"QC",9687
"vig",1372
"feo",8302
"Ahcy",8526
"CG18190",3446
"CG13029",9038
"Pka-C3",9115
"CG5144",9481
"CG33181",3675
"CG11200",3383
"CG2150",3263
"CG2145",8298
"dally",6974
"hoe1",4999
"CG43897",7044
"CG17029",11181
"Reg-2",6836
"Pax",5440
"Sema2b",7004
"RhoU",5549
"CG2852",6585
"CG6583",1255
"Pglym78",5393
"B-H2",8667
"dhd",280
"CG5177",917
"CG5399",2268
"CG13868",3382
"CG9864",3392
"gammaSnap2",7563
"lncRNA:CR45540",7664
"m",8360
"exex",9575
"CG17855",10080
"dmrt93B",10142
"gce",10961
"CG9752",3827
"RPA2",1617
"Diap1",6068
"btl",7983
"fru",2438
"Spn88Ea",2264
"Nplp4",9936
"Mcm5",1931
"zfh2",5075
"CG9877",6597
"CG13631",2821
"CG32354",9531
"SerT",6756
"Hsp60A",8309
"tut",9557
"Mal-A5",4540
"nau",2722
"B52",5057
"CG11380",61
"CG42240",5935
"CG31373",1946
"Plod",9354
"MESR3",1476
"Cks30A",1039
"Glut4EF",7725
"Tsp66E",9470
"Uhg4",5608
"CG46339",8001
"CG10479",9685
"CG3842",355
"luna",4341
"pav",8237
"CG10764",3553
"CG31076",2975
"CG13606",2762
"Fib",6599
"esg",1377
"Tollo",9142
"ckd",8169
"lncRNA:CR44042",7120
"Bx",7280
"spirit",3686
"Poc1",9227
"cpo",6990
"alphaTub85E",1857
"CG5335",3480
"mthl9",6843
"CG8854",4270
"CG14223",8802
"Mdh2",6375
"WRNexo",2416
"PKD",2417
"CG4586",3589
"CG17272",2554
"tna",9389
"CG9192",8050
"CG17119",10149
"Ugt302C1",1956
"form3",5049
"CG10336",1483
"CG2663",702
"ed",9819
"CG5888",1418
"CG12948",1897
"Hexo1",8245
"CG7637",4363
"CG8563",9607
"CG11426",590
"Imp",7989
"HipHop",8925
"Eip78C",506
"ec",5182
"lncRNA:CR45232",7865
"ox",4218
"CG30403",3881
"Nlp",3151
"spidey",3623
"Adgf-C",11644
"CG14210",8789
"pip",8899
"Wnt10",914
"sle",1918
"pnt",4789
"wdp",6556
"ATPsynC",3225
"CG11333",3232
"Nmdar2",5028
"snoRNA:Psi28S-3405c",5667
"lncRNA:CR45158",7530
"lncRNA:CR45279",7599
"CG15458",9771
"CG8046",11699
"CG17107",1161
"CG13038",5412
"Nazo",11299
"Mmp1",6748
"Mkp3",8913
"Cht6",6497
"CG12268",2741
"lncRNA:CR45018",7465
"obst-E",813
"Ote",7484
"Jheh1",3445
"Jupiter",2008
"cer",3423
"mt:ND5",5512
"moon",8390
"CG31710",1053
"CG32428",462
"CG1299",8233
"Sfxn1-3",734
"Mcm3",7980
"cysu",2370
"ea",2233
"CG13928",8091
"RpLP0-like",4410
"Pvf2",909
"eEF1delta",1081
"Coop",6515
"Pabp2",4550
"lncRNA:CR46006",7823
"CG33129",1192
"dpa",4642
"IP3K1",1061
"GlyP",5288
"Osi2",624
"CG12991",8677
"CG3831",6603
"Shmt",313
"Pdp1",9584
"CG6959",2027
"CG44303",7237
"CG18557",11223
"aurA",2017
"CG4210",2224
"Hml",9195
"mnd",9148
"Gs2",8333
"CG10581",5468
"dl",6066
"Caf1-55",6984
"CG1146",8130
"Sccpdh2",2048
"l(2)05714",5361
"Ilp6",156
"lncRNA:CR45361",7611
"CG8303",3963
"bora",6015
"CG31103",2878
"lncRNA:CR32773",271
"dpr19",1110
"dsx-c73A",6277
"CG2121",4542
"Syt1",9913
"Pgant2",5178
"ncd",3142
"Prx2540-1",4371
"UQCR-Q",8995
"tld",2819
"Past1",2085
"CG8420",1809
"sky",1618
"lncRNA:CR45551",7670
"nvd",5997
"betaTub97EF",3030
"pdgy",8508
"Tmhs",6396
"pk",4660
"chic",841
"ctp",272
"Sgsh",2471
"CG10960",9257
"mRRF1",9438
"Pu",3815
"Pgd",140
"tum",5805
"Ser",2996
"Snmp2",9593
"CG42238",5933
"Blimp-1",9693
"CG34445",5773
"GstT3",9765
"jbug",6579
"p23",1855
"Cralbp",9699
"Gba1b",2712
"CG5001",5319
"CG30414",6617
"CG7102",954
"CG6762",8700
"pot",5936
"Ran",8327
"CG13239",608
"CG30195",6584
"Ets21C",401
"CG31313",2196
"Achl",4091
"CG12256",5400
"CG34221",5705
"CG42300",5968
"NimC4",6049
"asRNA:CR44228",7198
"CG15201",8313
"CG16743",10084
"Acp32CD",1183
"CG4576",2274
"PH4alphaMP",3197
"CG15473",4878
"lncRNA:CR45406",7623
"upd1",8723
"Sp7",1708
"CG32425",451
"Mcm7",9499
"CNBP",6604
"brk",5445
"Zasp52",7363
"DNApol-epsilon58",9688
"Pura",4810
"CG16786",6713
"CG13024",9042
"peb",4873
"rdo",5901
"Acbp1",984
"dgt4",247
"CG6040",2474
"COX5A",2011
"CG3655",52
"lncRNA:CR43302",6458
"kon",1481
"CG10657",9274
"wun",4454
"CG18598",2410
"lncRNA:CR44440",7285
"CG43386",6506
"wgn",8736
"lncRNA:CR44918",7423
"Rhp",8562
"HP4",9579
"puc",5903
"CG4872",8635
"Tpi",5804
"CG4038",3840
"CG13369",25
"sd",8564
"Lcp2",4541
"COX8",6971
"RhoGEF64C",8285
"Nox",5753
"DNApol-alpha50",9506
"CG17834",1004
"eg",558
"CG42361",6000
"r-l",2573
"hiro",6862
"spir",1590
"CG17271",2555
"CG16985",8133
"CG3625",428
"CG32267",8206
"nuf",5442
"SPE",2711
"nrm",6363
"eIF6",6707
"schlank",3561
"CG7720",2450
"M6",525
"CG42394",6008
"CG14997",8236
"Eip75B",8967
"wupA",7924
"cdi",2465
"arx",8936
"lncRNA:CR43144",6394
"CG11596",111
"asRNA:CR45143",7522
"Adf1",7965
"sick",6970
"CCT5",4266
"Trf2",6274
"Nuak1",6392
"side-V",5740
"lama",9717
"CG5704",8127
"CG13096",1008
"CG12964",4039
"FER",1839
"l(1)G0193",3636
"Esyt2",7583
"PPP4R2r",3767
"pre-rRNA:CR45845",7763
"CG42748",6280
"Gp150",6536
"CG3226",3585
"CG11583",8248
"mtSSB",5396
"Dad",5042
"Hsc70-4",7510
"CG12909",4383
"CG13204",4318
"DNApol-alpha73",2992
"lncRNA:CR43461",6891
"yellow-b",1424
"CG12608",8521
"shg",3801
"lbk",3997
"CG6414",239
"CG13996",820
"CG31886",1036
"CG33307",1343
"dan",2876
"lncRNA:CR44366",7256
"asRNA:CR45134",7517
"CG15629",9784
"CBP",3611
"CG12177",8476
"prage",7954
"CG14036",768
"CG8112",1776
"CG16957",10685
"CG7567",3121
"CG42741",6265
"lbm",4658
"mRpL44",694
"Caf1-180",3684
"Xrp1",6161
"d4",4935
"spri",5762
"CG7054",2640
"CG34165",5689
"Ugt36D1",1488
"CG14434",3604
"CG6937",2646
"Grip",334
"otk",4281
"Non3",2407
"CG32137",9198
"Nnf1a",3374
"La",1594
"Rpt6R",3195
"vig2",2861
"GstE1",3464
"CG7006",2823
"E2f1",2599
"Surf6",2517
"Tom7",4501
"aub",1188
"CG15309",3775
"in",443
"CG8289",8696
"CG18547",2021
"CG5273",32
"mgl",6169
"AdSS",2553
"CG13690",407
"CCT1",2659
"tow",9625
"CG31673",1611
"Corp",3662
"Ubi-p63E",5362
"DNApol-alpha60",5993
"Skeletor",6409
"tx",6494
"Mnn1",903
"CG10237",1536
"Uhg2",1068
"CAH1",1333
"Lsm10",4361
"Sms",9296
"Tsp74F",8970
"CG12708",8536
"CG8545",4241
"sdt",6297
"Sox14",6669
"CG4860",2069
"SerRS",9886
"CG4455",1396
"Det",7005
"lncRNA:CR42862",6335
"asRNA:CR42254",5945
"Peritrophin-A",4978
"rost",1034
"CG32091",9327
"CG11180",3372
"EndoU",2282
"hbs",4932
"Np",7168
"CG9286",2148
"CG13252",475
"GstO1",9526
"zuc",6172
"Mcm2",1745
"dnt",1540
"CG3176",14
"fax",5234
"14-3-3zeta",5084
"CG4829",8634
"CG18135",8918
"CG34423",5768
"spdo",3191
"Spn47C",4342
"CG3119",9900
"Ir40a",5995
"CG40472",5786
"corto",715
"l(2)09851",3307
"CG8097",8534
"baz",8655
"Art1",1941
"NimC3",1353
"CG13409",2617
"reb",4292
"CG9572",4974
"b",5200
"CG33795",5253
"lncRNA:CR44347",7249
"lncRNA:CR45805",7751
"CG14205",8787
"Nopp140",5342
"CrebA",9122
"Klp67A",9468
"Hayan",8745
"Hex-A",3744
"18w",3389
"CG13894",6860
"CCT8",7979
"nclb",6914
"RapGAP1",7138
"CG32521",9743
"olf186-M",3512
"CG11563",3251
"par-1",6122
"Rbm13",3698
"RpS19b",2742
"Sas10",281
"Phf7",4986
"apt",6633
"CG33054",509
"TRAM",47
"CG1910",3255
"CG4797",6710
"Nmdmc",1822
"CG1542",3219
"Tina-1",5341
"CG12541",3597
"CG2865",158
"mEFTu1",4156
"Tspo",391
"P32",3538
"CG13046",9092
"Kmn1",8355
"LanB1",6278
"CG34193",5696
"lncRNA:CR32218",5577
"Samuel",1185
"tsh",3277
"GstE6",3467
"Naa40",3114
"Ssb-c31a",963
"CG2767",1742
"Fkbp12",3412
"COX5B",860
"LanA",9666
"CG32409",9673
"pes",953
"SP1173",9647
"Uhg5",5617
"scra",6192
"bbg",5892
"GstE5",3466
"Glut1",7070
"blow",4625
"Ppa",6581
"asf1",8882
"yellow-c",1369
"mRpL18",4215
"CR40190",5782
"CG3770",6767
"ND-ACP",8030
"rpk",721
"CG7630",8991
"otk2",7842
"CG1827",4446
"snu",3046
"CG9123",8522
"Mcad",9590
"Rab5",9930
"CG33178",8502
"CG1416",3276
"CG43107",6379
"Fas1",7988
"Nlg1",1653
"Cyt-c1",9711
"asRNA:CR44512",7300
"esn",6976
"CG6749",9427
"Sema1a",1005
"tsr",6684
"CG32817",13
"RfC3",1119
"pigs",3565
"CG14079",8907
"Hsc70-5",4124
"Eogt",7079
"CG4593",3591
"ome",5961
"unc-5",4048
"O-fut2",100
"fus",4031
"cert",9556
"Set",2227
"CG7900",1729
"insc",3808
"CG32625",5438
"GstD2",2045
"CG5111",2911
"asRNA:CR43877",7037
"CG6168",9350
"Cpr47Ec",4335
"Edg78E",5406
"snoRNA:Psi28S-3342",5845
"CG43131",6390
"asRNA:CR45712",7710
"Acp76A",11174
"ATP8B",2036
"CG5955",10648
"Gli",1384
"HDAC1",8274
"kibra",6346
"p130CAS",6800
"Mcm10",1631
"unc-13",5159
"RpS5b",2210
"CG14715",1997
"CG11555",5880
"ps",6226
"CG6084",5799
"yip2",4961
"CG1998",8449
"GLS",6253
"dlp",9171
"Cln7",9615
"Nsun2",257
"CG18600",2419
"CG4598",4962
"l(2)37Cg",5824
"sofe",8301
"RhoGAP18B",6207
"Sema5c",7958
"CG14218",8809
"CG31690",9903
"Gart",5092
"Dyrk2",5381
"mbm",5888
"NO66",7503
"CG44532",7303
"CG15365",3741
"Arc2",4118
"dnc",206
"Pepck2",3476
"nudC",9033
"rau",810
"goe",8647
"Klp61F",8049
"Toll-7",3396
"CG3788",6605
"Mink",2831
"clu",3999
"Sptr",3690
"Mcm6",3568
"CG9922",2162
"dah",8518
"Pino",9991
"tyn",7978
"zip",7247
"CG10208",4851
"CG6356",2786
"CG18343",4261
"hdc",3180
"sas",1665
"dome",8800
"Pgant5",765
"REG",8426
"fz",9191
"CG34200",5699
"SKIP",2622
"Rab23",675
"Top2",7957
"E23",4836
"betaTub56D",7959
"png",75
"CG12768",614
"corn",5959
"CG9253",1625
"mspo",4089
"RpS2",4972
"SmydA-1",4114
"RpL41",5290
"Rbp1-like",8451
"CG11164",8458
"Cyp4e2",4538
"Oscillin",792
"msi",2912
"GstD9",2063
"CG33111",5095
"Gip",3773
"CG10512",503
"RpLP1",383
"Calr",1865
"CG3817",2207
"gb",2999
"CG40178",5642
"Atox1",555
"ZnT77C",461
"asRNA:CR45129",11087
"dyw",203
"CanB",289
"Rcd-1r",1032
"CG32971",1356
"CG10137",1549
"HisCl1",2010
"Inx7",3600
"Cyt-c-d",5885
"CG42402",6019
"lncRNA:CR44319",7239
"lncRNA:CR44754",7356
"et",8801
"mtgo",6006
"RhoGAP71E",9127
"CG3663",6745
"shu",6709
"CG32706",3709
"CG15765",309
"CG6724",1198
"shot",4143
"row",4054
"Cam",4269
"Tsp42Ef",4652
"CG32278",8162
"Hph",7106
"msb1l",1555
"AIMP1",4511
"CG13364",42
"Dg",5001
"porin",5372
"mRpL35",2614
"Xbp1",3812
"lncRNA:CR44676",7334
"CG6163",9349
"Psc",4191
"CG8080",4489
"CCT4",1277
"san",4316
"Dpck",1686
"brat",1515
"polo",5068
"Cyp12a5",2475
"Chrac-14",5191
"Smn",9067
"Cdep",7183
"CG32039",9437
"CG34163",5688
"CG14968",8189
"CG12056",3718
"UQCR-6.4",3546
"CG31125",2808
"vri",778
"CG6712",1258
"mRpL12",9472
"CycE",5100
"Gbs-70E",9184
"RhoGEF4",9617
"bel",6508
"l(1)G0004",9758
"Csl4",1211
"Rs1",4551
"CG10663",9276
"CG17650",9959
"CG42232",5910
"Uhg1",3525
"Cndp2",6036
"CG8034",8771
"CG18178",9428
"tutl",4719
"CG9436",3332
"rhea",9520
"CG15046",8743
"EndoGI",1386
"Indy",8940
"Mcr",7761
"pzg",6013
"CG11590",4862
"CG5757",3510
"CG3630",141
"Ae2",9400
"lncRNA:CR44084",7136
"CG18294",4888
"inaE",6166
"tra",5081
"spi",5245
"par-6",8682
"Rpb5",4352
"cid",4153
"SCaMC",9280
"CG18528",2793
"CCT3",2340
"Cpr31A",1075
"CG18549",2071
"me31B",1092
"kra",5909
"wech",6011
"CG5504",4747
"baf",940
"CG31637",859
"how",7046
"CG8468",4112
"CG17996",1436
"lncRNA:CR45270",7597
"Ubi-p5E",5830
"Gabat",8863
"ci",4700
"RpLP0",579
"Cdc6",9521
"wde",4364
"DNAlig1",6393
"Parp",5582
"CG33969",5370
"CG11837",3064
"Evi5",6420
"Cip4",8283
"CG3726",329
"Cont",735
"jumu",1920
"CCT2",3711
"Hrb27C",881
"borr",1044
"CG13847",2664
"lncRNA:CR43818",7016
"lncRNA:CR44511",7299
"lncRNA:CR46003",7821
"CG32170",9007
"CG13630",2846
"UQCR-C2",5917
"Naxd",8911
"Cdc45",53
"zyd",7311
"CG16959",9165
"RpL39",6681
"ppan",2564
"Rrp46",1925
"trbl",469
"CG13773",899
"CG12379",8594
"CG3335",9418
"CG33970",5376
"Art8",1186
"GLaz",4183
"CG31475",2478
"Jafrac1",8438
"CG10286",1701
"lncRNA:CR45550",7669
"Sdr",2208
"mew",8427
"sta",96
"Uhg3",6030
"br",7919
"plum",2962
"chas",6520
"pinta",2665
"whd",6294
"eIF2beta",9269
"Mi-2",6370
"CG32473",2121
"Tm1",4833
"CG7778",971
"CG5114",9147
"Drep2",4476
"ND-B14.5B",9867
"viaf",9315
"CG7137",3408
"Nuf2",910
"mas",8258
"CG11357",8273
"Archease",2598
"CR6900",8747
"Usp10",6850
"lncRNA:CR43496",6913
"CG30383",5451
"CG42668",6225
"CG12112",3688
"CG12702",8826
"Reph",9829
"sel",6521
"CG14757",4557
"CG1703",8347
"SLIRP2",1765
"CDase",3189
"pain",6781
"MESK2",4786
"Marc",4431
"CG45071",7488
"Neb-cGP",5291
"CG6701",4139
"Nrg",7159
"CG3939",205
"CG4069",9266
"l(2)k09913",6593
"CG9416",3424
"RanGAP",1542
"hpRNA:CR18854",8003
"CG1888",4452
"CG34446",5774
"bor",2312
"rudhira",7371
"CG7231",938
"Moe",3702
"AnxB10",4984
"Idi",2582
"CG3097",318
"CG4496",908
"asRNA:CR45889",7779
"InR",7931
"CG13784",905
"ras",3779
"CG3594",6762
"AnxB9",4750
"nero",6209
"Prx3",2385
"CG9246",1628
"CG7730",4762
"Sugb",9330
"pbl",9583
"sm",5273
"CG4866",3903
"mahe",3638
"RpL36A",947
"Ndf",1072
"CG4962",9090
"Cpr47Ee",4311
"CG30098",11954
"mt:CoII",5502
"CG17108",1173
"CG14457",595
"CG15497",2596
"TwdlS",2964
"Eig71Ed",9129
"Eig71Ej",9133
"axed",11207
"lectin-21Ca",11398
"sosie",11662
"CG3062",11712
"Frq2",11912
"Nepl9",11952
"CG43446",12170
"CG18747",12409
"CG4982",12675
"Sid",12730
"y",8
"snoRNA:M",97
"CG32797",186
"CG32793",215
"CG14420",216
"Cpr5C",308
"Pph13",395
"Gsc",396
"CG31921",409
"CG13693",421
"CG3345",422
"CG5665",442
"cmpy",494
"CR33283",496
"CG12983",518
"Sems",519
"Cpr78Ca",547
"CG14568",568
"CG11226",607
"Osi15",628
"CG15597",629
"CG1213",638
"CG10280",640
"Obp83b",642
"CG31538",706
"CG12589",714
"CG14020",785
"CG14014",793
"CG9021",809
"CG9500",857
"CG5171",916
"Tsp29Fa",1023
"CG18088",1024
"DIP-zeta",1031
"CG13116",1059
"CG4995",1099
"Lip4",1158
"CG7329",1177
"AstCC",1216
"CG18788",1234
"CG5122",1285
"CG16813",1295
"asRNA:CR31845",1328
"CG15263",1376
"CG31750",1444
"Ugt36E1",1489
"CG10348",1495
"fon",1539
"CG13084",1544
"CG10132",1548
"Hf",1573
"CG10947",1592
"Itgbn",1621
"tadr",1622
"CG8665",1648
"Syt4",1670
"RacGAP84C",1671
"Sodh-1",1683
"Ccp84Ag",1693
"Ccp84Ad",1694
"CG33189",1791
"CG12951",1842
"CG6908",2003
"CG4066",2043
"CG14395",2082
"Cyp304a1",2099
"wntD",2134
"CG9297",2147
"Mst87F",2166
"Cad88C",2188
"CG6901",2310
"Cad89D",2327
"CG14880",2334
"CG14317",2397
"CG14282",2477
"CG17193",2509
"CG4000",2537
"e",2590
"Qsox3",2604
"klg",2680
"CG17380",2703
"CG4393",2704
"CG6980",2822
"CG13640",2837
"CG11786",2853
"CG13659",2887
"CG31087",2899
"Kaz-m1",2938
"CG6142",2954
"CG31323",2955
"CG14237",2960
"CG5882",2988
"CG33203",3056
"CG15506",3110
"Prtl99C",3129
"CG9702",3193
"CG11318",3215
"CAH6",3222
"CG2528",3282
"CG11629",3283
"eIF3f2",3293
"Spn42Dd",3341
"Spn42Db",3355
"CG11041",3390
"CG16898",3395
"rib",3411
"fest",3414
"Vha100-3",3436
"DptB",3443
"Jheh3",3444
"CG15096",3451
"BomS3",3463
"BomBc2",3486
"BomBc1",3487
"CG30114",3496
"org-1",3691
"CG1791",3758
"CG12645",3760
"Cht12",3799
"CG3216",3806
"Ugt49B1",3833
"CG4286",3834
"CG13502",3899
"CG30457",3929
"CG5550",3937
"CG6421",3941
"Ugt37C1",3950
"CG10734",4003
"CG30471",4025
"CG12853",4057
"Cyp6a23",4078
"CG30487",4193
"CG8834",4254
"CG8850",4257
"CG8407",4264
"Cpr47Ed",4334
"Ndg",4384
"CNT2",4459
"CG30345",4470
"Cyp4p2",4473
"CG8197",4503
"UQCR-11L",4525
"CG2127",4543
"cn",4614
"Cyp9b2",4668
"Tsp42Eq",4670
"CG14692",4783
"ase",11
"CG13931",11731
"Cpr97Ea",3001
"CG2930",233
"ru",8033
"Vajk4",3916
"l(2)efl",6645
"Tret1-1",4299
"meru",9116
"CG33465",10294
"fne",5851
"Awh",8215
"CG8620",9633
"thw",1667
"GstE2",12166
"lncRNA:CR31781",1428
"Prx2540-2",4369
"CG13559",12169
"Nep1",338
"CG32549",8719
"repo",2408
"CG13081",1553
"CG9925",2163
"mira",2515
"MFS9",2523
"BBS4",4337
"scrt",4855
"Tl",6356
"CG14417",222
"Obp56d",3403
"mthl2",9692
"CG5958",10609
"CG30380",4590
"CG6024",10582
"CG42808",6318
"Osi9",626
"Pkc53E",3942
"CG34377",12074
"Dgat2",4612
"CG30440",3317
"CG8701",10237
"RpL37b",10363
"lncRNA:CR43949",7072
"PGRP-LF",9436
"CG14109",11923
"CG34034",10293
"CG43861",7029
"GILT2",2708
"sv",5059
"CG14515",5318
"asRNA:CR45145",7523
"gcm",1056
"tkv",784
"ref(2)P",5053
"numb",1046
"dac",5118
"Dro",4069
"stw",8015
"CG8051",8770
"CG18249",1732
"nenya",3034
"CG13231",4338
"Ndae1",5944
"CG42556",6094
"CG43229",6435
"lncRNA:CR43278",6450
"Phae2",6511
"dsb",8108
"CG5644",9491
"eve",10235
"DIP-gamma",11665
"Nepl20",12001
"dpr10",12155
"CG10175",2701
"CG4822",10279
"sna",1378
"Snp",7211
"CG16894",3394
"CG7888",9358
"Sam-S",4740
"GstT4",8445
"CG31195",2558
"CG9801",1792
"lncRNA:CR44638",7331
"mthl6",9586
"CG31642",10068
"Mct1",11951
"Nrx-IV",9289
"tinc",6260
"sad",2012
"Reck",9167
"sprt",4321
"CG5953",1417
"smog",10597
"CG32365",9571
"CG2065",4606
"Syn1",565
"CG14455",606
"CG17404",2068
"asRNA:CR44386",7268
"lncRNA:CR44721",7346
"lncRNA:CR45681",7700
"CG3546",10031
"CG15695",10138
"lncRNA:CR32690",10193
"CG12374",10224
"Cpr62Bb",10521
"Nepl21",10777
"CG3746",10981
"lncRNA:CR45287",12115
"ckn",4059
"CG2064",4607
"AhcyL2",2354
"Mco1",1042
"CG31100",1827
"CG9686",4892
"CG44094",7142
"CG44836",11242
"twit",11629
"CG2993",11633
"CG34288",5721
"CG15040",8737
"lncRNA:CR44448",10416
"fiz",10540
"lncRNA:CR44203",11033
"CG7896",3148
"Trim9",5160
"nAChRalpha3",3660
"CG13707",8289
"CG5646",10775
"l(1)G0469",4872
"Hsc70-3",8383
"AsnS",7908
"Ance-2",1340
"CG33110",2644
"CG5065",3958
"ko",513
"danr",2862
"out",6023
"sing",6167
"NaPi-III",6106
"Tsp39D",1646
"Tsp42Ed",3348
"CG15544",3203
"Eglp4",6646
"CG12496",10026
"CG34253",11747
"CG14990",11955
"lncRNA:CR43724",6979
"CG3328",6719
"Pgant9",3960
"Rsbp15",2039
"CG18404",3179
"cyr",3671
"ktub",4765
"CG7906",9190
"CG14107",9229
"ine",9807
"TfAP-2",6305
"lncRNA:CR45940",10498
"lncRNA:CR43656",12081
"eEF1alpha1",7961
"Dh31-R",5230
"CG12224",2020
"Sox102F",4716
"if",8646
"NT1",6216
"CG43340",6480
"Sclp",8374
"CG31999",4693
"CG17684",6956
"CG17716",4146
"CG45076",7489
"spz",3002
"dy",8384
"CG9737",3188
"CG7365",8845
"lncRNA:CR45424",7629
"CG32241",8279
"CG14879",2337
"Myo61F",8029
"CG31559",630
"yellow-h",4687
"CG15449",9754
"asRNA:CR45182",7551
"Ctf4",4138
"ASPP",3831
"AdamTS-A",8012
"Tg",939
"slgA",9734
"ninaC",915
"CG10300",2713
"Cluap1",4929
"Mlp60A",5970
"betaNACtes5",6350
"CG6220",10221
"vas",10513
"zpg",11208
"arr",4165
"cnc",6452
"OtopLa",11765
"fog",5448
"Hnf4",1020
"caps",9220
"trh",6347
"CG8547",4123
"sls",5884
"conv",6175
"bab2",6869
"Pisd",2751
"futsch",5943
"dysf",2946
"CG12017",8171
"Tgi",9215
"Orct2",5811
"Sema1b",3537
"cathD",4597
"MYPT-75D",8920
"CR42786",6291
"CG12493",8291
"lncRNA:CR45700",7707
"ex",386
"blot",9001
"mib2",5819
"CG44335",7244
"mt:srRNA",5522
"Z600",10283
"Cpr56F",3384
"Damm",4295
"CG34323",5728
"lncRNA:CR44773",12107
"qua",1455
"Smyd4-3",4933
"CG44476",7293
"CG42390",11760
"CG42260",5949
"hbn",11685
"CG8500",1884
"CG11400",3926
"neur",1823
"cbt",404
"CG42806",6309
"CG1273",8241
"Pdk",4442
"hiw",8507
"CG15211",8293
"Ibf2",1817
"Best2",9664
"gsb",5098
"boi",183
"Cbs",9747
"CG3829",6770
"jar",5121
"Zip89B",2309
"Gp93",3027
"Tep4",1554
"CG13506",6540
"CG17754",3721
"scb",4045
"CG15098",3449
"Chchd2",6087
"RasGAP1",9412
"CG12688",251
"Incenp",6142
"lncRNA:CR30009",10234
"DnaJ-H",1316
"DAAM",79
"CG8939",4950
"CG33288",522
"SoxN",1018
"Pde6",2198
"Lim1",3703
"lncRNA:CR43157",6404
"lncRNA:CR44499",7296
"CG1139",8104
"CG13050",9094
"CG32102",9277
"dpr9",10246
"CG15820",11896
"galectin",411
"Gclm",2679
"CG30196",6582
"CG6330",2978
"CG13124",4971
"Osi24",623
"CAP",4382
"Uhg8",5658
"Nost",6005
"Stip1",425
"CG33229",6808
"CG16721",310
"CG41520",5894
"CG6145",4161
"CG2975",9868
"sli",6997
"Rab32",4827
"Cyp6v1",4890
"Swip-1",1524
"LpR2",2927
"CG5885",4970
"CG42663",6222
"CG14854",2197
"Eip93F",7045
"CREG",4820
"Cirl",4522
"l(2)dtl",6637
"peng",9738
"mdy",1426
"be",8498
"CG3679",8600
"EcR",3296
"CG42674",6230
"pit",7507
"Trl",5373
"lncRNA:CR43256",6440
"blw",6566
"jim",5062
"CG31915",790
"snRNA:U4:39B",1638
"CG11073",3898
"CG3713",59
"GATAe",2289
"CG5071",2914
"CG14262",3013
"GstE7",3468
"CG32206",4803
"CG34115",5551
"bru2",6357
"Est-P",9292
"CG7607",9344
"CG9016",10067
"cd",10389
"alpha-Est9",10702
"PyK",7736
"stl",5818
"lncRNA:CR43837",7020
"lncRNA:CR46204",7891
"Orc1",4630
"atilla",1254
"CG7142",2423
"GEFmeso",3484
"Hsc70-2",2108
"CG12075",3697
"alphaTub84D",1652
"CG43980",7093
"toc",9885
"Myo31DF",5801
"CG13917",8056
"TfIIA-S-2",54
"Lst",3966
"CG44250",7205
"pon",4874
"Fbxl7",2283
"uif",886
"Sps1",6176
"CG14903",2326
"pwn",4632
"capu",9832
"SmB",6389
"nrv1",900
"Rif1",4020
"Nnp-1",1307
"CG34263",5717
"Mgstl",9746
"CG32813",70
"CG12728",330
"CCT6",8556
"CG12065",3677
"Vha100-2",2442
"lncRNA:CR30055",4205
"CG15019",8280
"CG5290",8968
"Klp3A",181
"aop",9950
"ich",8016
"CG17219",9880
"asRNA:CR45139",7519
"Phb2",3440
"Ids",8182
"rumi",5798
"lncRNA:CR46064",7843
"Fs",6025
"lncRNA:CR45465",7642
"CG8568",8670
"Gyc89Db",11648
"msl-2",9858
"Skp2",749
"CG11382",62
"snRNA:U2:34ABa",1311
"CG14687",1932
"GstD4",2047
"CG10205",4074
"lncRNA:CR43612",6915
"Pde1c",7113
"lncRNA:CR44209",7191
"CG32036",9451
"CG7794",10133
"NKCC",692
"VGAT",5010
"CG3091",5471
"lncRNA:CR43643",6934
"CG32645",8422
"CG14964",8196
"CG7130",580
"CG5535",8971
"CG15027",8504
"Pgant7",8741
"kcc",6275
"mlt",7260
"Mmp2",4438
"frtz",5864
"Rcd2",457
"RpS3A",4699
"CG10936",3539
"LManII",1127
"raw",1019
"RpL13A",661
"RecQ4",9562
"CG8635",4531
"CG5590",4903
"lncRNA:CR44331",7241
"LBR",3874
"PPO3",6189
"CG32280",8161
"CG10576",9703
"sona",5292
"drongo",374
"CG10026",1543
"Tom40",3618
"stwl",9185
"Svil",7552
"CG15561",3227
"PRAS40",7881
"Jafrac2",8149
"dsx",1716
"CG32369",9585
"wake",7483
"CG3527",265
"CG34261",5716
"CG10916",3495
"CG30349",4496
"Fatp2",7207
"ITP",6736
"CG31717",1093
"Tep2",935
"barr",1589
"CG10283",1482
"Ptpmeg2",5162
"alt",4736
"CG5112",2910
"RpL10",3
"ihog",892
"Zw",8796
"CG7272",9120
"Sesn",6638
"CG13516",5478
"lncRNA:CR45128",7514
"CG11825",4380
"Cap-G",6024
"CG31262",2362
"asRNA:CR43465",6892
"csw",138
"mth",6841
"Nup35",8728
"Snoo",5766
"CG3071",151
"CG10462",5437
"wrd",2401
"CG14269",211
"Ugt35A1",1977
"nec",4667
"TM4SF",5338
"lncRNA:CR43887",7040
"CR43972",7088
"lncRNA:CR44764",7360
"asRNA:CR46139",7875
"CG10472",9684
"CG7737",4310
"rols",9312
"RPA3",7485
"Nacalpha",5883
"SsRbeta",9085
"CG7878",5541
"Shrm",5742
"CG9135",823
"CG16791",2587
"CG7519",524
"mms4",4345
"l(1)G0020",3704
"CG17508",3313
"CG9171",812
"RpLP2",3957
"CG8180",4040
"opm",7021
"CG2811",6779
"RfC4",6138
"Rgl",9212
"gukh",5223
"e(r)",3700
"CG11852",2880
"Cpr11A",8394
"CG9743",3158
"CG32603",8484
"Ilp8",9017
"CG8369",1787
"l(3)neo38",7224
"Picot",3961
"Cyp4ac1",775
"fd96Cb",2860
"CG13215",10851
"lncRNA:CR43855",7025
"alpha-Est1",10701
"CG30283",3864
"CG11236",12686
"TwdlB",10159
"CG12814",1904
"CG15347",11351
"sit",10146
"Ude",2844
"Amy-p",3930
"CG42846",6327
"Acbp2",9631
"Nepl19",3057
"CG15515",3132
"Cpr76Bc",8875
"CG13230",12262
"CG1441",4421
"Clic",8469
"CG42326",10947
"unc-4",11159
"CG34269",10614
"Ir87a",10726
"lncRNA:CR44138",11025
"CG32755",333
"CG33461",5416
"lncRNA:CR46005",10500
"Lk",11249
"CG13898",6855
"Nepl7",1278
"CG12512",10666
"CG18745",12208
"CG15279",1366
"CG15696",12222
"Cht7",8202
"CG6675",3280
"CG13705",8288
"sff",10248
"spo",10593
"btd",10810
"SLO2",10960
"CG46303",11129
"Obp19c",11250
"CG17681",12274
"CG15210",12376
"lncRNA:CR43604",6909
"lncRNA:CR44854",11074
"CG5639",3019
"CG13309",9497
"Cyp313b1",10001
"w",10028
"CG14572",10046
"Ktl",10139
"TpnC25D",10259
"CG14356",10728
"CG33510",10887
"CG44623",12102
"Sr-CIII",12417
"CG33099",2657
"PGRP-SC2",10863
"His-Psi:CR31614",5261
"CG31821",12199
"exp",4285
"Lcp65Af",9678
"Nplp1",6793
"CG32147",9162
"CG5194",10585
"CG43376",6505
"CG9903",4998
"CG7384",10082
"CG13465",11186
"Muc14A",11395
"aqz",8023
"CG7409",9592
"Osi7",10056
"CG9095",8524
"CG3678",2353
"JhI-26",3970
"glob1",2301
"Ih",6885
"BobA",10574
"Amy-d",10824
"CG15021",11140
"CG13284",1431
"CG12607",8270
"CNMa",11135
"lncRNA:CR43650",6937
"CG42561",6095
"CG13813",8833
"CG9328",1609
"lncRNA:CR44043",7121
"AstA",10765
"Frl",7866
"CG14327",2376
"Cyp6d2",6583
"scramb2",8154
"mt:ATPase6",5506
"AkhR",868
"CG5968",1416
"Npc2b",2168
"CG14082",8909
"lncRNA:CR44478",10417
"plu",10790
"lncRNA:CR43606",11006
"Ggamma30A",11864
"CG2200",8419
"Gale",6832
"CG12009",8172
"upd2",8724
"cher",5099
"Rm62",641
"mtg",6056
"CG2017",643
"Fkbp14",3870
"Eip71CD",9121
"CG17111",10756
"CG32037",9450
"CG30287",3866
"Lcp65Ag3",5835
"lncRNA:CR44718",7345
"lncRNA:CR44723",7347
"CG10877",2545
"AOX1",7739
"CG5522",3936
"Gbp1",3927
"lncRNA:CR42491",6042
"REPTOR",2813
"His3.3A",5238
"lncRNA:CR42657",6214
"lncRNA:CR31044",3077
"mt:CoIII",5507
"Rbp6",6129
"CG43192",6425
"CG43336",6474
"CG44569",11054
"snRNA:LU",6963
"eys",10903
"CG1927",8105
"CkIIalpha-i3",6858
"CG10365",2714
"psq",6486
"lncRNA:CR44526",11050
"mael",4772
"Pgk",5939
"CG15484",1273
"CG34112",5834
"CG3085",6594
"Atpalpha",4749
"CG11158",8460
"Dsp1",7914
"gbb",6654
"jdp",3196
"CG7059",2631
"Droj2",2124
"CG34008",5481
"Dgp-1",3502
"Cyp4aa1",4844
"hig",5087
"lncRNA:CR44912",7419
"lncRNA:CR44544",10422
"TpnC41C",4946
"asRNA:CR43425",6531
"Trx-2",1048
"hdly",2552
"His2B:CG17949",5263
"FASN1",7915
"NetB",8494
"Treh",3797
"mt:Cyt-b",5517
"mt:CoI",5501
"CG4004",8406
"Iyd",9373
"CG18586",10590
"CG18815",9326
"CG14995",5249
"CG7800",1731
"CG7120",9510
"jigr1",2915
"CG1628",3785
"mRpS14",8816
"CG14346",11227
"CG17514",5546
"sti",9271
"Cpr49Ag",4234
"CG7432",2490
"PGRP-LC",5402
"pim",1107
"Rab27",98
"mad2",9697
"plh",716
"yellow-f2",2114
"CG31207",2577
"CG30430",11797
"Fatp1",7882
"GstD7",10118
"Galt",6504
"CG5498",470
"CG33926",5278
"CG7668",8861
"CG5059",460
"CG45050",7477
"cdc14",931
"lncRNA:CR33963",5331
"lncRNA:CR42646",6198
"CG13731",9003
"mol",5869
"RpS20",2548
"GstD10",2064
"Alr",8821
"lncRNA:CR46015",7825
"CG12868",4099
"CG16888",1346
"CG42854",6330
"Lcp65Ag1",9679
"Rbp4",2156
"mud",5066
"kst",8179
"Fs(2)Ket",6421
"asp",2820
"CG15047",11161
"CG8478",5139
"CG3638",6202
"dysc",6992
"asRNA:CR46264",7910
"Oaz",7966
"CG5280",9490
"CG14645",10058
"edin",11178
"CG9815",6613
"Cyp9c1",10992
"CG16758",10525
"Qtzl",1229
"CG3448",9457
"PCB",4424
"CG17556",2352
"lncRNA:CR43961",7080
"CG6650",9201
"upd3",5034
"CG15673",3861
"REPTOR-BP",4795
"rut",8516
"Kmn2",7509
"RpL18A",3907
"CanB2",4613
"Strn-Mlck",7174
"mRpL55",2486
"lncRNA:CR45755",7722
"fra",4201
"CG3008",9788
"D2hgdh",139
"CG3764",9019
"Ndc80",8480
"Pgi",4514
"yin",7274
"CG14695",1954
"mars",4154
"lawc",6453
"Klp10A",8328
"antr",4200
"CG14770",67
"Rpn13R",278
"CG8673",958
"hebe",4434
"CG5895",9078
"CG34402",10321
"CG9521",10541
"CG4415",11235
"CG15728",11557
"Non1",4455
"agt",1697
"Myd88",4477
"zormin",4813
"Dscam1",4651
"bam",2904
"CG31098",2900
"Spc25",5896
"CG32264",8224
"Eip63E",8203
"CG8312",1852
"Agpat2",1009
"btsz",7582
"SNF4Agamma",7015
"CG15861",6778
"CG9641",9893
"mip120",4155
"Samtor",6743
"CG11050",862
"gcl",4526
"RpL6",3241
"lncRNA:CR43242",6437
"CG13926",8092
"cora",3409
"Roe1",4157
"CG1909",4675
"CG13258",1406
"CG42395",6009
"sni",3664
"Pomp",1608
"Eno",9962
"D1",1819
"CG12206",208
"CG32708",3708
"pst",9611
"mRpL36",9567
"mia",4723
"CG4594",4963
"CG1896",3254
"Obp19d",9760
"Ugt50B3",3312
"Ssk",10553
"CG13857",10004
"CG5323",3478
"dgt3",3805
"mei-P26",3717
"fzr",6406
"by",1875
"SC35",7227
"CG15168",1505
"GstZ1",1836
"CG8306",3964
"alpha-Est10",1657
"CG1265",8238
"CG11885",406
"Ire1",6312
"GstT1",4425
"Actn",121
"tara",2307
"cmet",1207
"tacc",4832
"Chd3",4881
"Cad96Ca",2908
"Cyp4d8",12750
"Agpat1",8407
"CG43391",10976
"CG30419",10991
"Osi21",11128
"Esp",11326
"CG43246",11787
"lncRNA:CR43607",12316
"lncRNA:CR44283",12329
"lncRNA:CR45274",12350
"CG14110",12392
"CG43179",12756
"GstE13",4466
"CG13185",4294
"Dtd",1983
"RpL27A",7992
"fy",1014
"Slbp",3086
"Rac2",9608
"CG12470",7
"CG4116",219
"Vha14-2",622
"Osi3",625
"CG14024",782
"CG13992",842
"CG8419",962
"CG13138",1149
"CG18666",1184
"CG16854",1200
"Gr32a",1202
"Oatp33Ea",1263
"CG16800",1279
"CG31697",1551
"Ccp84Aa",1695
"Ir85a",1784
"CG31272",1944
"TkR86C",1945
"Tim17a1",2065
"CG6753",2092
"CG31517",2158
"CG31321",2177
"CG10264",2291
"CG17801",2392
"Muc91C",2453
"CG14292",2472
"CG13856",2632
"CG5890",2922
"ND-20L",3103
"CG9682",3178
"CG10433",3862
"NimB2",12165
"Scr",11979
"CG34461",5924
"CG34281",11428
"NimB3",12744
"His4r",2187
"Gagr",10564
"CG7299",1176
"beat-IIa",11651
"Df31",5351
"Cpr65Aw",9672
"GstD5",10117
"DopEcR",11143
"Cpr49Af",10841
"snoRNA:Psi28S-2876",5848
"pirk",10199
"Gbeta76C",8884
"SkpC",8823
"CG8012",10620
"lncRNA:CR45531",7662
"lncRNA:CR45710",7709
"qtc",5073
"CG13305",9503
"CG3348",10774
"hkb",10957
"CG12057",11353
"alpha-Est8",12413
"RpS28a",3172
"CtBP",5134
"CG42346",11758
"wat",11229
"CG32694",3754
"asRNA:CR46018",11876
"CG34194",5697
"CG11841",3065
"CCAP-R",5096
"CG12038",6866
"lncRNA:CR45559",7672
"CG14105",9224
"CG32032",9484
"snoRNA:Psi28S-3091b",10302
"Ank2",10340
"CR43105",10346
"CG14191",10551
"GstE10",10799
"CG4218",10944
"Cyp12d1-d",11386
"Mip",11402
"CG14810",11735
"CG14374",2130
"CG13065",9089
"CG13315",11202
"Ref2",1262
"CG13643",2833
"CG11893",2886
"lncRNA:CR44744",7353
"lncRNA:yar",7501
"snRNA:U4:38AB",10698
"lncRNA:CR43960",11019
"FDY",11028
"CG12194",11214
"Gbp2",3928
"CG8646",4213
"Lcp65Ad",9655
"SLC22A",10607
"CG40498",10922
"lncRNA:CR46253",11886
"CR40282",12048
"lncRNA:CR40469",5627
"PsGEF",7071
"CG14204",11915
"SK",290
"Cyp6t1",9736
"CG7582",3116
"CG15196",8332
"smt3",7148
"14-3-3epsilon",2409
"CG30151",12695
"CG30377",4577
"ato",1746
"CG33966",10904
"TpnC73F",11708
"scpr-B",1969
"Gr39b",1649
"CG33632",5289
"Mst36Fb",10012
"CG7886",10122
"CR40354",10299
"CG13587",10371
"RSG7",10906
"CG44815",10437
"lncRNA:CR44980",11840
"pyd3",10708
"CG34283",11429
"26-29-p",5930
"akirin",9605
"CG11882",3088
"CG14416",223
"Buffy",4300
"CG5493",10006
"CG7208",10287
"Aldh-III",4644
"CG2839",9994
"CG12971",542
"nAChRalpha6",5434
"Sr-CIV",9855
"Sec61beta",4094
"Aos1",2056
"CG6324",10543
"PGRP-LA",9435
"Lam",791
"Oda",4277
"Su(var)205",982
"CG5191",2527
"lncRNA:CR32661",8375
"lncRNA:CR45475",10474
"hll",11550
"maf-S",3362
"trx",5141
"l(1)G0320",3750
"CG42336",5983
"NAAT1",297
"kmg",1286
"CG7381",2116
"CG13744",4505
"Spn43Ab",5279
"Aplip1",6868
"CR44391",7270
"lncRNA:CR45708",7708
"CG7916",10686
"fig",10781
"Tps1",11215
"Hr83",11298
"CG9029",11601
"lncRNA:CR43927",7062
"CG43324",6471
"Idh",9533
"RpS10a",4901
"lncRNA:CR45148",7525
"Map205",3272
"CG4461",9439
"cl",786
"lectin-46Cb",4429
"CG9411",8486
"dUTPase",5926
"CG14304",2437
"Sgp",1002
"CG1695",9763
"CG2493",4918
"CG8860",4275
"Hand",11612
"PIG-B",8211
"orb",5058
"CG42324",5977
"Syp",2547
"Hel25E",794
"CG4332",8423
"CRAT",1707
"GstE8",3469
"Syx4",197
"CG14424",221
"CG17321",1491
"CG5948",2934
"Scp1",5583
"AANAT1",6717
"CG44198",7185
"lncRNA:CR44991",7453
"CG9550",10069
"lncRNA:CR42874",10967
"CG32187",11177
"CG42833",11776
"CR33318",10876
"RpA-70",1761
"CG33056",508
"Chro",617
"nAChRalpha1",2791
"Uba5",8336
"CG32276",8193
"Rcd-1",8792
"CG11076",4710
"Pih1D1",4823
"CtsB1",8470
"mei-38",6139
"Sxl",7002
"CG33941",6412
"CG11052",1741
"CG11378",10023
"lncRNA:CR46094",7850
"Su(Tpl)",8868
"Sld5",2949
"Spn42Da",7192
"CG12171",664
"ERp60",4293
"Kul",3113
"Tpr2",1413
"kkv",703
"Zip102B",4692
"CG15468",277
"CG13251",474
"Cyp6g2",4273
"CG34305",5725
"lncRNA:CR44068",7133
"lncRNA:CR44146",7164
"lncRNA:CR45732",7716
"Myo81F",7742
"VhaM9.7-a",8240
"CG2157",8297
"CG6125",10126
"CG17717",10802
"CG31460",1764
"tzn",479
"bdl",9795
"lncRNA:CR43958",7078
"Hr78",538
"CG3420",3333
"Cypl",6838
"Dic1",2122
"Gprk2",6316
"spt4",4210
"cindr",3202
"Atx2",2242
"koko",7114
"nocte",6266
"Bub3",3117
"CG6805",3918
"kek2",1222
"DCP2",5168
"CG7694",2435
"Kr-h1",7491
"His3.3B",5339
"CG8677",1632
"CG10077",9640
"fzy",1394
"Tsp42Ej",4655
"CG7322",8757
"CHKov1",2897
"CG17734",1968
"Nek2",3643
"PSMG1",647
"hang",5432
"CG15239",234
"CG13862",2626
"CG13488",3876
"CG43069",6359
"lncRNA:CR44713",7342
"CCHa2-R",10170
"dpr21",10336
"asRNA:CR43609",11007
"CG32249",11141
"CG9406",3811
"lncRNA:CR44895",7412
"CG10465",4940
"lncRNA:CR43431",6878
"CG43333",6472
"Tnpo",9658
"SMC2",4081
"CG30344",4469
"pll",3015
"Oxp",3540
"CG42359",5999
"Sirt1",1287
"Pgant1",4024
"CG13585",6734
"CG13373",12
"CG43736",6989
"mip40",3426
"CG2641",1709
"Pol31",8069
"GCS2alpha",4897
"CG11151",8463
"CG13896",6857
"CG3198",3583
"CG30460",3932
"CG14561",578
"CG15908",3322
"CG30187",6607
"Hrb87F",2155
